team,opponent,player_name,position,position_id,line,line_id,jersey_number,injury_status,game_time_decision,scrape_date,team_slug,player_id
chicago-blackhawks,st-louis-blues,Spencer Knight,Starting Goalie,g1,Goalies,g,30.0,,False,,,
chicago-blackhawks,st-louis-blues,Arvid Soderblom,Backup Goalie,g2,Goalies,g,40.0,,False,,,
seattle-kraken,utah-hockey-club,Joey Daccord,Starting Goalie,g1,Goalies,g,35.0,,False,,,
seattle-kraken,utah-hockey-club,Philipp Grubauer,Backup Goalie,g2,Goalies,g,31.0,,False,,,
st-louis-blues,chicago-blackhawks,Joel Hofer,Starting Goalie,g1,Goalies,g,30.0,,False,,,
st-louis-blues,chicago-blackhawks,Jordan Binnington,Backup Goalie,g2,Goalies,g,50.0,,False,,,
utah-hockey-club,seattle-kraken,Karel Vejmelka,Starting Goalie,g1,Goalies,g,70.0,,False,,,
utah-hockey-club,seattle-kraken,Vitek Vanecek,Backup Goalie,g2,Goalies,g,41.0,,False,,,
chicago-blackhawks,st-louis-blues,Spencer Knight,Starting Goalie,g1,Goalies,g,30.0,,False,2025-12-12,,
chicago-blackhawks,st-louis-blues,Arvid Soderblom,Backup Goalie,g2,Goalies,g,40.0,,False,2025-12-12,,
seattle-kraken,utah-hockey-club,Joey Daccord,Starting Goalie,g1,Goalies,g,35.0,,False,2025-12-12,,
seattle-kraken,utah-hockey-club,Philipp Grubauer,Backup Goalie,g2,Goalies,g,31.0,,False,2025-12-12,,
st-louis-blues,chicago-blackhawks,Joel Hofer,Starting Goalie,g1,Goalies,g,30.0,,False,2025-12-12,,
st-louis-blues,chicago-blackhawks,Jordan Binnington,Backup Goalie,g2,Goalies,g,50.0,,False,2025-12-12,,
utah-hockey-club,seattle-kraken,Karel Vejmelka,Starting Goalie,g1,Goalies,g,70.0,,False,2025-12-12,,
utah-hockey-club,seattle-kraken,Vitek Vanecek,Backup Goalie,g2,Goalies,g,41.0,,False,2025-12-12,,
anaheim-ducks,new-jersey-devils,Lukas Dostal,Starting Goalie,g1,Goalies,g,1.0,,False,2025-12-13,,
anaheim-ducks,new-jersey-devils,Ville Husso,Backup Goalie,g2,Goalies,g,33.0,,False,2025-12-13,,
calgary-flames,los-angeles-kings,Dustin Wolf,Starting Goalie,g1,Goalies,g,32.0,,False,2025-12-13,,
calgary-flames,los-angeles-kings,Devin Cooley,Backup Goalie,g2,Goalies,g,,,False,2025-12-13,,
carolina-hurricanes,philadelphia-flyers,Brandon Bussi,Starting Goalie,g1,Goalies,g,32.0,,False,2025-12-13,,
carolina-hurricanes,philadelphia-flyers,Pyotr Kochetkov,Backup Goalie,g2,Goalies,g,52.0,,False,2025-12-13,,
chicago-blackhawks,detroit-red-wings,Arvid Soderblom,Starting Goalie,g1,Goalies,g,40.0,,False,2025-12-13,,
chicago-blackhawks,detroit-red-wings,Spencer Knight,Backup Goalie,g2,Goalies,g,30.0,,False,2025-12-13,,
colorado-avalanche,nashville-predators,Mackenzie Blackwood,Starting Goalie,g1,Goalies,g,39.0,,False,2025-12-13,,
columbus-blue-jackets,vegas-golden-knights,Jet Greaves,Starting Goalie,g1,Goalies,g,,,False,2025-12-13,,
columbus-blue-jackets,vegas-golden-knights,Elvis Merzlikins,Backup Goalie,g2,Goalies,g,90.0,,False,2025-12-13,,
dallas-stars,florida-panthers,Jake Oettinger,Starting Goalie,g1,Goalies,g,29.0,,False,2025-12-13,,
dallas-stars,florida-panthers,Casey DeSmith,Backup Goalie,g2,Goalies,g,1.0,,False,2025-12-13,,
detroit-red-wings,chicago-blackhawks,John Gibson,Starting Goalie,g1,Goalies,g,36.0,,False,2025-12-13,,
detroit-red-wings,chicago-blackhawks,Cam Talbot,Backup Goalie,g2,Goalies,g,39.0,,False,2025-12-13,,
edmonton-oilers,toronto-maple-leafs,Tristan Jarry,Starting Goalie,g1,Goalies,g,,,False,2025-12-13,,
edmonton-oilers,toronto-maple-leafs,Calvin Pickard,Backup Goalie,g2,Goalies,g,30.0,,False,2025-12-13,,
florida-panthers,dallas-stars,Sergei Bobrovsky,Starting Goalie,g1,Goalies,g,72.0,,False,2025-12-13,,
florida-panthers,dallas-stars,Daniil Tarasov,Backup Goalie,g2,Goalies,g,40.0,,False,2025-12-13,,
los-angeles-kings,calgary-flames,Darcy Kuemper,Starting Goalie,g1,Goalies,g,35.0,,False,2025-12-13,,
los-angeles-kings,calgary-flames,Anton Forsberg,Backup Goalie,g2,Goalies,g,31.0,,False,2025-12-13,,
minnesota-wild,ottawa-senators,Jesper Wallstedt,Starting Goalie,g1,Goalies,g,,,False,2025-12-13,,
minnesota-wild,ottawa-senators,Filip Gustavsson,Backup Goalie,g2,Goalies,g,32.0,,False,2025-12-13,,
montreal-canadiens,new-york-rangers,Jacob Fowler,Starting Goalie,g1,Goalies,g,,,False,2025-12-13,,
montreal-canadiens,new-york-rangers,Jakub Dobes,Backup Goalie,g2,Goalies,g,75.0,,False,2025-12-13,,
nashville-predators,colorado-avalanche,Juuse Saros,Starting Goalie,g1,Goalies,g,74.0,,False,2025-12-13,,
nashville-predators,colorado-avalanche,Justus Annunen,Backup Goalie,g2,Goalies,g,29.0,,False,2025-12-13,,
new-jersey-devils,anaheim-ducks,Jake Allen,Starting Goalie,g1,Goalies,g,34.0,,False,2025-12-13,,
new-jersey-devils,anaheim-ducks,Jacob Markstrom,Backup Goalie,g2,Goalies,g,25.0,,False,2025-12-13,,
new-york-islanders,tampa-bay-lightning,Ilya Sorokin,Starting Goalie,g1,Goalies,g,30.0,,False,2025-12-13,,
new-york-islanders,tampa-bay-lightning,David Rittich,Backup Goalie,g2,Goalies,g,31.0,,False,2025-12-13,,
new-york-rangers,montreal-canadiens,Igor Shesterkin,Starting Goalie,g1,Goalies,g,31.0,,False,2025-12-13,,
new-york-rangers,montreal-canadiens,Jonathan Quick,Backup Goalie,g2,Goalies,g,32.0,,False,2025-12-13,,
ottawa-senators,minnesota-wild,Linus Ullmark,Starting Goalie,g1,Goalies,g,35.0,,False,2025-12-13,,
ottawa-senators,minnesota-wild,Leevi Merilainen,Backup Goalie,g2,Goalies,g,1.0,,False,2025-12-13,,
philadelphia-flyers,carolina-hurricanes,Dan Vladar,Starting Goalie,g1,Goalies,g,80.0,,False,2025-12-13,,
philadelphia-flyers,carolina-hurricanes,Samuel Ersson,Backup Goalie,g2,Goalies,g,33.0,,False,2025-12-13,,
pittsburgh-penguins,san-jose-sharks,Arturs Silovs,Starting Goalie,g1,Goalies,g,,,False,2025-12-13,,
pittsburgh-penguins,san-jose-sharks,Sergei Murashov,Backup Goalie,g2,Goalies,g,1.0,,False,2025-12-13,,
san-jose-sharks,pittsburgh-penguins,Yaroslav Askarov,Starting Goalie,g1,Goalies,g,30.0,,False,2025-12-13,,
san-jose-sharks,pittsburgh-penguins,Alex Nedeljkovic,Backup Goalie,g2,Goalies,g,33.0,,False,2025-12-13,,
tampa-bay-lightning,new-york-islanders,Jonas Johansson,Starting Goalie,g1,Goalies,g,31.0,,False,2025-12-13,,
tampa-bay-lightning,new-york-islanders,Brandon Halverson,Backup Goalie,g2,Goalies,g,,,False,2025-12-13,,
toronto-maple-leafs,edmonton-oilers,Dennis Hildeby,Starting Goalie,g1,Goalies,g,,,False,2025-12-13,,
toronto-maple-leafs,edmonton-oilers,Artur Akhtyamov,Backup Goalie,g2,Goalies,g,,,False,2025-12-13,,
vegas-golden-knights,columbus-blue-jackets,Carter Hart,Starting Goalie,g1,Goalies,g,79.0,,False,2025-12-13,,
vegas-golden-knights,columbus-blue-jackets,Akira Schmid,Backup Goalie,g2,Goalies,g,40.0,,False,2025-12-13,,
washington-capitals,winnipeg-jets,Logan Thompson,Starting Goalie,g1,Goalies,g,48.0,,False,2025-12-13,,
washington-capitals,winnipeg-jets,Charlie Lindgren,Backup Goalie,g2,Goalies,g,79.0,,False,2025-12-13,,
winnipeg-jets,washington-capitals,Connor Hellebuyck,Starting Goalie,g1,Goalies,g,37.0,,False,2025-12-13,,
winnipeg-jets,washington-capitals,Eric Comrie,Backup Goalie,g2,Goalies,g,1.0,,False,2025-12-13,,
boston-bruins,minnesota-wild,Jeremy Swayman,Starting Goalie,g1,Goalies,g,1.0,,False,2025-12-14,,
boston-bruins,minnesota-wild,Joonas Korpisalo,Backup Goalie,g2,Goalies,g,70.0,,False,2025-12-14,,
buffalo-sabres,seattle-kraken,Alex Lyon,Starting Goalie,g1,Goalies,g,34.0,,False,2025-12-14,,
buffalo-sabres,seattle-kraken,Ukko-Pekka Luukkonen,Backup Goalie,g2,Goalies,g,1.0,,False,2025-12-14,,
carolina-hurricanes,philadelphia-flyers,Brandon Bussi,Starting Goalie,g1,Goalies,g,32.0,,False,2025-12-14,,
carolina-hurricanes,philadelphia-flyers,Pyotr Kochetkov,Backup Goalie,g2,Goalies,g,52.0,,False,2025-12-14,,
edmonton-oilers,montreal-canadiens,Calvin Pickard,Starting Goalie,g1,Goalies,g,30.0,,False,2025-12-14,,
edmonton-oilers,montreal-canadiens,Tristan Jarry,Backup Goalie,g2,Goalies,g,,,False,2025-12-14,,
minnesota-wild,boston-bruins,Filip Gustavsson,Starting Goalie,g1,Goalies,g,32.0,,False,2025-12-14,,
minnesota-wild,boston-bruins,Jesper Wallstedt,Backup Goalie,g2,Goalies,g,,,False,2025-12-14,,
montreal-canadiens,edmonton-oilers,Jakub Dobes,Starting Goalie,g1,Goalies,g,75.0,,False,2025-12-14,,
montreal-canadiens,edmonton-oilers,Jacob Fowler,Backup Goalie,g2,Goalies,g,,,False,2025-12-14,,
new-jersey-devils,vancouver-canucks,Jacob Markstrom,Starting Goalie,g1,Goalies,g,25.0,,False,2025-12-14,,
new-jersey-devils,vancouver-canucks,Jake Allen,Backup Goalie,g2,Goalies,g,34.0,,False,2025-12-14,,
philadelphia-flyers,carolina-hurricanes,Dan Vladar,Starting Goalie,g1,Goalies,g,80.0,,False,2025-12-14,,
philadelphia-flyers,carolina-hurricanes,Samuel Ersson,Backup Goalie,g2,Goalies,g,33.0,,False,2025-12-14,,
pittsburgh-penguins,utah-hockey-club,Sergei Murashov,Starting Goalie,g1,Goalies,g,1.0,,False,2025-12-14,,
pittsburgh-penguins,utah-hockey-club,Arturs Silovs,Backup Goalie,g2,Goalies,g,,,False,2025-12-14,,
seattle-kraken,buffalo-sabres,Joey Daccord,Starting Goalie,g1,Goalies,g,35.0,,False,2025-12-14,,
seattle-kraken,buffalo-sabres,Philipp Grubauer,Backup Goalie,g2,Goalies,g,31.0,,False,2025-12-14,,
utah-hockey-club,pittsburgh-penguins,Karel Vejmelka,Starting Goalie,g1,Goalies,g,70.0,,False,2025-12-14,,
utah-hockey-club,pittsburgh-penguins,Vitek Vanecek,Backup Goalie,g2,Goalies,g,41.0,,False,2025-12-14,,
vancouver-canucks,new-jersey-devils,Kevin Lankinen,Starting Goalie,g1,Goalies,g,32.0,,False,2025-12-14,,
vancouver-canucks,new-jersey-devils,Thatcher Demko,Backup Goalie,g2,Goalies,g,35.0,,False,2025-12-14,,
anaheim-ducks,new-york-rangers,Lukas Dostal,Starting Goalie,g1,Goalies,g,1.0,,False,2025-12-15,,
anaheim-ducks,new-york-rangers,Ville Husso,Backup Goalie,g2,Goalies,g,33.0,,False,2025-12-15,,
dallas-stars,los-angeles-kings,Jake Oettinger,Starting Goalie,g1,Goalies,g,29.0,,False,2025-12-15,,
dallas-stars,los-angeles-kings,Casey DeSmith,Backup Goalie,g2,Goalies,g,1.0,,False,2025-12-15,,
florida-panthers,tampa-bay-lightning,Sergei Bobrovsky,Starting Goalie,g1,Goalies,g,72.0,,False,2025-12-15,,
florida-panthers,tampa-bay-lightning,Daniil Tarasov,Backup Goalie,g2,Goalies,g,40.0,,False,2025-12-15,,
los-angeles-kings,dallas-stars,Darcy Kuemper,Starting Goalie,g1,Goalies,g,35.0,,False,2025-12-15,,
los-angeles-kings,dallas-stars,Anton Forsberg,Backup Goalie,g2,Goalies,g,31.0,,False,2025-12-15,,
nashville-predators,st-louis-blues,Juuse Saros,Starting Goalie,g1,Goalies,g,74.0,,False,2025-12-15,,
nashville-predators,st-louis-blues,Justus Annunen,Backup Goalie,g2,Goalies,g,29.0,,False,2025-12-15,,
new-york-rangers,anaheim-ducks,Igor Shesterkin,Starting Goalie,g1,Goalies,g,31.0,,False,2025-12-15,,
new-york-rangers,anaheim-ducks,Jonathan Quick,Backup Goalie,g2,Goalies,g,32.0,,False,2025-12-15,,
ottawa-senators,winnipeg-jets,Linus Ullmark,Starting Goalie,g1,Goalies,g,35.0,,False,2025-12-15,,
ottawa-senators,winnipeg-jets,Leevi Merilainen,Backup Goalie,g2,Goalies,g,1.0,,False,2025-12-15,,
st-louis-blues,nashville-predators,Joel Hofer,Starting Goalie,g1,Goalies,g,30.0,,False,2025-12-15,,
st-louis-blues,nashville-predators,Jordan Binnington,Backup Goalie,g2,Goalies,g,50.0,,False,2025-12-15,,
tampa-bay-lightning,florida-panthers,Jonas Johansson,Starting Goalie,g1,Goalies,g,31.0,,False,2025-12-15,,
winnipeg-jets,ottawa-senators,Connor Hellebuyck,Starting Goalie,g1,Goalies,g,37.0,,False,2025-12-15,,
winnipeg-jets,ottawa-senators,Eric Comrie,Backup Goalie,g2,Goalies,g,1.0,,False,2025-12-15,,
anaheim-ducks,columbus-blue-jackets,Ville Husso,Starting Goalie,g1,Goalies,g,33.0,,False,2025-12-16,,
anaheim-ducks,columbus-blue-jackets,Lukas Dostal,Backup Goalie,g2,Goalies,g,1.0,,False,2025-12-16,,
boston-bruins,utah-hockey-club,Jeremy Swayman,Starting Goalie,g1,Goalies,g,1.0,,False,2025-12-16,,
boston-bruins,utah-hockey-club,Joonas Korpisalo,Backup Goalie,g2,Goalies,g,70.0,,False,2025-12-16,,
calgary-flames,san-jose-sharks,Dustin Wolf,Starting Goalie,g1,Goalies,g,32.0,,False,2025-12-16,,
calgary-flames,san-jose-sharks,Devin Cooley,Backup Goalie,g2,Goalies,g,,,False,2025-12-16,,
chicago-blackhawks,toronto-maple-leafs,Spencer Knight,Starting Goalie,g1,Goalies,g,30.0,,False,2025-12-16,,
chicago-blackhawks,toronto-maple-leafs,Arvid Soderblom,Backup Goalie,g2,Goalies,g,40.0,,False,2025-12-16,,
colorado-avalanche,seattle-kraken,Mackenzie Blackwood,Starting Goalie,g1,Goalies,g,39.0,,False,2025-12-16,,
columbus-blue-jackets,anaheim-ducks,Jet Greaves,Starting Goalie,g1,Goalies,g,,,False,2025-12-16,,
columbus-blue-jackets,anaheim-ducks,Elvis Merzlikins,Backup Goalie,g2,Goalies,g,90.0,,False,2025-12-16,,
detroit-red-wings,new-york-islanders,John Gibson,Starting Goalie,g1,Goalies,g,36.0,,False,2025-12-16,,
detroit-red-wings,new-york-islanders,Cam Talbot,Backup Goalie,g2,Goalies,g,39.0,,False,2025-12-16,,
edmonton-oilers,pittsburgh-penguins,Tristan Jarry,Starting Goalie,g1,Goalies,g,,,False,2025-12-16,,
edmonton-oilers,pittsburgh-penguins,Calvin Pickard,Backup Goalie,g2,Goalies,g,30.0,,False,2025-12-16,,
minnesota-wild,washington-capitals,Filip Gustavsson,Starting Goalie,g1,Goalies,g,32.0,,False,2025-12-16,,
minnesota-wild,washington-capitals,Jesper Wallstedt,Backup Goalie,g2,Goalies,g,,,False,2025-12-16,,
montreal-canadiens,philadelphia-flyers,Jakub Dobes,Starting Goalie,g1,Goalies,g,75.0,,False,2025-12-16,,
montreal-canadiens,philadelphia-flyers,Jacob Fowler,Backup Goalie,g2,Goalies,g,,,False,2025-12-16,,
new-york-islanders,detroit-red-wings,Ilya Sorokin,Starting Goalie,g1,Goalies,g,30.0,,False,2025-12-16,,
new-york-islanders,detroit-red-wings,David Rittich,Backup Goalie,g2,Goalies,g,31.0,,False,2025-12-16,,
new-york-rangers,vancouver-canucks,Igor Shesterkin,Starting Goalie,g1,Goalies,g,31.0,,False,2025-12-16,,
new-york-rangers,vancouver-canucks,Jonathan Quick,Backup Goalie,g2,Goalies,g,32.0,,False,2025-12-16,,
philadelphia-flyers,montreal-canadiens,Dan Vladar,Starting Goalie,g1,Goalies,g,80.0,,False,2025-12-16,,
philadelphia-flyers,montreal-canadiens,Samuel Ersson,Backup Goalie,g2,Goalies,g,33.0,,False,2025-12-16,,
pittsburgh-penguins,edmonton-oilers,Stuart Skinner,Starting Goalie,g1,Goalies,g,74.0,,False,2025-12-16,,
pittsburgh-penguins,edmonton-oilers,Arturs Silovs,Backup Goalie,g2,Goalies,g,,,False,2025-12-16,,
san-jose-sharks,calgary-flames,Yaroslav Askarov,Starting Goalie,g1,Goalies,g,30.0,,False,2025-12-16,,
san-jose-sharks,calgary-flames,Alex Nedeljkovic,Backup Goalie,g2,Goalies,g,33.0,,False,2025-12-16,,
seattle-kraken,colorado-avalanche,Joey Daccord,Starting Goalie,g1,Goalies,g,35.0,,False,2025-12-16,,
seattle-kraken,colorado-avalanche,Philipp Grubauer,Backup Goalie,g2,Goalies,g,31.0,,False,2025-12-16,,
toronto-maple-leafs,chicago-blackhawks,Dennis Hildeby,Starting Goalie,g1,Goalies,g,,,False,2025-12-16,,
toronto-maple-leafs,chicago-blackhawks,Artur Akhtyamov,Backup Goalie,g2,Goalies,g,,,False,2025-12-16,,
utah-hockey-club,boston-bruins,Karel Vejmelka,Starting Goalie,g1,Goalies,g,70.0,,False,2025-12-16,,
utah-hockey-club,boston-bruins,Vitek Vanecek,Backup Goalie,g2,Goalies,g,41.0,,False,2025-12-16,,
vancouver-canucks,new-york-rangers,Thatcher Demko,Starting Goalie,g1,Goalies,g,35.0,,False,2025-12-16,,
vancouver-canucks,new-york-rangers,Kevin Lankinen,Backup Goalie,g2,Goalies,g,32.0,,False,2025-12-16,,
washington-capitals,minnesota-wild,Logan Thompson,Starting Goalie,g1,Goalies,g,48.0,,False,2025-12-16,,
washington-capitals,minnesota-wild,Charlie Lindgren,Backup Goalie,g2,Goalies,g,79.0,,False,2025-12-16,,
carolina-hurricanes,nashville-predators,Brandon Bussi,Starting Goalie,g1,Goalies,g,32.0,,False,2025-12-17,,
carolina-hurricanes,nashville-predators,Pyotr Kochetkov,Backup Goalie,g2,Goalies,g,52.0,,False,2025-12-17,,
detroit-red-wings,utah-hockey-club,Cam Talbot,Starting Goalie,g1,Goalies,g,39.0,,False,2025-12-17,,
detroit-red-wings,utah-hockey-club,John Gibson,Backup Goalie,g2,Goalies,g,36.0,,False,2025-12-17,,
florida-panthers,los-angeles-kings,Sergei Bobrovsky,Starting Goalie,g1,Goalies,g,72.0,,False,2025-12-17,,
florida-panthers,los-angeles-kings,Daniil Tarasov,Backup Goalie,g2,Goalies,g,40.0,,False,2025-12-17,,
los-angeles-kings,florida-panthers,Anton Forsberg,Starting Goalie,g1,Goalies,g,31.0,,False,2025-12-17,,
los-angeles-kings,florida-panthers,Pheonix Copley,Backup Goalie,g2,Goalies,g,,,False,2025-12-17,,
nashville-predators,carolina-hurricanes,Juuse Saros,Starting Goalie,g1,Goalies,g,74.0,,False,2025-12-17,,
nashville-predators,carolina-hurricanes,Justus Annunen,Backup Goalie,g2,Goalies,g,29.0,,False,2025-12-17,,
new-jersey-devils,vegas-golden-knights,Jacob Markstrom,Starting Goalie,g1,Goalies,g,25.0,,False,2025-12-17,,
new-jersey-devils,vegas-golden-knights,Jake Allen,Backup Goalie,g2,Goalies,g,34.0,,False,2025-12-17,,
st-louis-blues,winnipeg-jets,Jordan Binnington,Starting Goalie,g1,Goalies,g,50.0,,False,2025-12-17,,
st-louis-blues,winnipeg-jets,Joel Hofer,Backup Goalie,g2,Goalies,g,30.0,,False,2025-12-17,,
utah-hockey-club,detroit-red-wings,Karel Vejmelka,Starting Goalie,g1,Goalies,g,70.0,,False,2025-12-17,,
utah-hockey-club,detroit-red-wings,Vitek Vanecek,Backup Goalie,g2,Goalies,g,41.0,,False,2025-12-17,,
vegas-golden-knights,new-jersey-devils,Carter Hart,Starting Goalie,g1,Goalies,g,79.0,,False,2025-12-17,,
vegas-golden-knights,new-jersey-devils,Akira Schmid,Backup Goalie,g2,Goalies,g,40.0,,False,2025-12-17,,
winnipeg-jets,st-louis-blues,Connor Hellebuyck,Starting Goalie,g1,Goalies,g,37.0,,False,2025-12-17,,
winnipeg-jets,st-louis-blues,Eric Comrie,Backup Goalie,g2,Goalies,g,1.0,,False,2025-12-17,,
boston-bruins,edmonton-oilers,Jeremy Swayman,Starting Goalie,g1,Goalies,g,1.0,,False,2025-12-18,,
boston-bruins,edmonton-oilers,Joonas Korpisalo,Backup Goalie,g2,Goalies,g,70.0,,False,2025-12-18,,
buffalo-sabres,philadelphia-flyers,Alex Lyon,Starting Goalie,g1,Goalies,g,34.0,,False,2025-12-18,,
buffalo-sabres,philadelphia-flyers,Ukko-Pekka Luukkonen,Backup Goalie,g2,Goalies,g,1.0,,False,2025-12-18,,
calgary-flames,seattle-kraken,Dustin Wolf,Starting Goalie,g1,Goalies,g,32.0,,False,2025-12-18,,
calgary-flames,seattle-kraken,Devin Cooley,Backup Goalie,g2,Goalies,g,,,False,2025-12-18,,
chicago-blackhawks,montreal-canadiens,Spencer Knight,Starting Goalie,g1,Goalies,g,30.0,,False,2025-12-18,,
chicago-blackhawks,montreal-canadiens,Arvid Soderblom,Backup Goalie,g2,Goalies,g,40.0,,False,2025-12-18,,
columbus-blue-jackets,minnesota-wild,Jet Greaves,Starting Goalie,g1,Goalies,g,,,False,2025-12-18,,
columbus-blue-jackets,minnesota-wild,Elvis Merzlikins,Backup Goalie,g2,Goalies,g,90.0,,False,2025-12-18,,
dallas-stars,san-jose-sharks,Jake Oettinger,Starting Goalie,g1,Goalies,g,29.0,,False,2025-12-18,,
dallas-stars,san-jose-sharks,Casey DeSmith,Backup Goalie,g2,Goalies,g,1.0,,False,2025-12-18,,
edmonton-oilers,boston-bruins,Tristan Jarry,Starting Goalie,g1,Goalies,g,,,False,2025-12-18,,
edmonton-oilers,boston-bruins,Calvin Pickard,Backup Goalie,g2,Goalies,g,30.0,,False,2025-12-18,,
los-angeles-kings,tampa-bay-lightning,Pheonix Copley,Starting Goalie,g1,Goalies,g,,,False,2025-12-18,,
los-angeles-kings,tampa-bay-lightning,Anton Forsberg,Backup Goalie,g2,Goalies,g,31.0,,False,2025-12-18,,
minnesota-wild,columbus-blue-jackets,Jesper Wallstedt,Starting Goalie,g1,Goalies,g,,,False,2025-12-18,,
minnesota-wild,columbus-blue-jackets,Filip Gustavsson,Backup Goalie,g2,Goalies,g,32.0,,False,2025-12-18,,
montreal-canadiens,chicago-blackhawks,Jakub Dobes,Starting Goalie,g1,Goalies,g,75.0,,False,2025-12-18,,
montreal-canadiens,chicago-blackhawks,Jacob Fowler,Backup Goalie,g2,Goalies,g,,,False,2025-12-18,,
new-york-rangers,st-louis-blues,Igor Shesterkin,Starting Goalie,g1,Goalies,g,31.0,,False,2025-12-18,,
new-york-rangers,st-louis-blues,Jonathan Quick,Backup Goalie,g2,Goalies,g,32.0,,False,2025-12-18,,
ottawa-senators,pittsburgh-penguins,Linus Ullmark,Starting Goalie,g1,Goalies,g,35.0,,False,2025-12-18,,
ottawa-senators,pittsburgh-penguins,Leevi Merilainen,Backup Goalie,g2,Goalies,g,1.0,,False,2025-12-18,,
philadelphia-flyers,buffalo-sabres,Dan Vladar,Starting Goalie,g1,Goalies,g,80.0,,False,2025-12-18,,
philadelphia-flyers,buffalo-sabres,Samuel Ersson,Backup Goalie,g2,Goalies,g,33.0,,False,2025-12-18,,
pittsburgh-penguins,ottawa-senators,Arturs Silovs,Starting Goalie,g1,Goalies,g,,,False,2025-12-18,,
pittsburgh-penguins,ottawa-senators,Stuart Skinner,Backup Goalie,g2,Goalies,g,74.0,,False,2025-12-18,,
san-jose-sharks,dallas-stars,Yaroslav Askarov,Starting Goalie,g1,Goalies,g,30.0,,False,2025-12-18,,
san-jose-sharks,dallas-stars,Alex Nedeljkovic,Backup Goalie,g2,Goalies,g,33.0,,False,2025-12-18,,
seattle-kraken,calgary-flames,Joey Daccord,Starting Goalie,g1,Goalies,g,35.0,,False,2025-12-18,,
seattle-kraken,calgary-flames,Philipp Grubauer,Backup Goalie,g2,Goalies,g,31.0,,False,2025-12-18,,
st-louis-blues,new-york-rangers,Joel Hofer,Starting Goalie,g1,Goalies,g,30.0,,False,2025-12-18,,
st-louis-blues,new-york-rangers,Jordan Binnington,Backup Goalie,g2,Goalies,g,50.0,,False,2025-12-18,,
tampa-bay-lightning,los-angeles-kings,Andrei Vasilevskiy,Starting Goalie,g1,Goalies,g,88.0,,True,2025-12-18,,
tampa-bay-lightning,los-angeles-kings,Jonas Johansson,Backup Goalie,g2,Goalies,g,31.0,,False,2025-12-18,,
toronto-maple-leafs,washington-capitals,Dennis Hildeby,Starting Goalie,g1,Goalies,g,,,False,2025-12-18,,
toronto-maple-leafs,washington-capitals,Joseph Woll,Backup Goalie,g2,Goalies,g,60.0,,False,2025-12-18,,
washington-capitals,toronto-maple-leafs,Logan Thompson,Starting Goalie,g1,Goalies,g,48.0,,False,2025-12-18,,
washington-capitals,toronto-maple-leafs,Charlie Lindgren,Backup Goalie,g2,Goalies,g,79.0,,False,2025-12-18,,
anaheim-ducks,dallas-stars,Lukas Dostal,Starting Goalie,g1,Goalies,g,1.0,,False,2025-12-19,,
anaheim-ducks,dallas-stars,Petr Mrazek,Backup Goalie,g2,Goalies,g,34.0,,False,2025-12-19,,
carolina-hurricanes,florida-panthers,Brandon Bussi,Starting Goalie,g1,Goalies,g,32.0,,False,2025-12-19,,
carolina-hurricanes,florida-panthers,Pyotr Kochetkov,Backup Goalie,g2,Goalies,g,52.0,,False,2025-12-19,,
colorado-avalanche,winnipeg-jets,Scott Wedgewood,Starting Goalie,g1,Goalies,g,41.0,,False,2025-12-19,,
colorado-avalanche,winnipeg-jets,Mackenzie Blackwood,Backup Goalie,g2,Goalies,g,39.0,,False,2025-12-19,,
dallas-stars,anaheim-ducks,Casey DeSmith,Starting Goalie,g1,Goalies,g,1.0,,False,2025-12-19,,
dallas-stars,anaheim-ducks,Jake Oettinger,Backup Goalie,g2,Goalies,g,29.0,,False,2025-12-19,,
florida-panthers,carolina-hurricanes,Sergei Bobrovsky,Starting Goalie,g1,Goalies,g,72.0,,False,2025-12-19,,
florida-panthers,carolina-hurricanes,Daniil Tarasov,Backup Goalie,g2,Goalies,g,40.0,,False,2025-12-19,,
new-jersey-devils,utah-hockey-club,Jacob Markstrom,Starting Goalie,g1,Goalies,g,25.0,,False,2025-12-19,,
new-jersey-devils,utah-hockey-club,Jake Allen,Backup Goalie,g2,Goalies,g,34.0,,False,2025-12-19,,
new-york-islanders,vancouver-canucks,Ilya Sorokin,Starting Goalie,g1,Goalies,g,30.0,,False,2025-12-19,,
new-york-islanders,vancouver-canucks,David Rittich,Backup Goalie,g2,Goalies,g,31.0,,False,2025-12-19,,
utah-hockey-club,new-jersey-devils,Karel Vejmelka,Starting Goalie,g1,Goalies,g,70.0,,False,2025-12-19,,
utah-hockey-club,new-jersey-devils,Vitek Vanecek,Backup Goalie,g2,Goalies,g,41.0,,False,2025-12-19,,
vancouver-canucks,new-york-islanders,Thatcher Demko,Starting Goalie,g1,Goalies,g,35.0,,False,2025-12-19,,
vancouver-canucks,new-york-islanders,Kevin Lankinen,Backup Goalie,g2,Goalies,g,32.0,,False,2025-12-19,,
winnipeg-jets,colorado-avalanche,Connor Hellebuyck,Starting Goalie,g1,Goalies,g,37.0,,False,2025-12-19,,
winnipeg-jets,colorado-avalanche,Eric Comrie,Backup Goalie,g2,Goalies,g,1.0,,False,2025-12-19,,
anaheim-ducks,columbus-blue-jackets,Petr Mrazek,Starting Goalie,g1,Goalies,g,34.0,,False,2025-12-20,,
anaheim-ducks,columbus-blue-jackets,Lukas Dostal,Backup Goalie,g2,Goalies,g,1.0,,False,2025-12-20,,
boston-bruins,vancouver-canucks,Jeremy Swayman,Starting Goalie,g1,Goalies,g,1.0,,False,2025-12-20,,
boston-bruins,vancouver-canucks,Joonas Korpisalo,Backup Goalie,g2,Goalies,g,70.0,,False,2025-12-20,,
buffalo-sabres,new-york-islanders,Alex Lyon,Starting Goalie,g1,Goalies,g,34.0,,False,2025-12-20,,
buffalo-sabres,new-york-islanders,Ukko-Pekka Luukkonen,Backup Goalie,g2,Goalies,g,1.0,,False,2025-12-20,,
calgary-flames,vegas-golden-knights,Dustin Wolf,Starting Goalie,g1,Goalies,g,32.0,,False,2025-12-20,,
calgary-flames,vegas-golden-knights,Devin Cooley,Backup Goalie,g2,Goalies,g,,,False,2025-12-20,,
carolina-hurricanes,tampa-bay-lightning,Brandon Bussi,Starting Goalie,g1,Goalies,g,32.0,,False,2025-12-20,,
carolina-hurricanes,tampa-bay-lightning,Pyotr Kochetkov,Backup Goalie,g2,Goalies,g,52.0,,False,2025-12-20,,
chicago-blackhawks,ottawa-senators,Spencer Knight,Starting Goalie,g1,Goalies,g,30.0,,False,2025-12-20,,
chicago-blackhawks,ottawa-senators,Arvid Soderblom,Backup Goalie,g2,Goalies,g,40.0,,False,2025-12-20,,
columbus-blue-jackets,anaheim-ducks,Jet Greaves,Starting Goalie,g1,Goalies,g,,,False,2025-12-20,,
columbus-blue-jackets,anaheim-ducks,Elvis Merzlikins,Backup Goalie,g2,Goalies,g,90.0,,False,2025-12-20,,
detroit-red-wings,washington-capitals,John Gibson,Starting Goalie,g1,Goalies,g,36.0,,False,2025-12-20,,
detroit-red-wings,washington-capitals,Cam Talbot,Backup Goalie,g2,Goalies,g,39.0,,False,2025-12-20,,
edmonton-oilers,minnesota-wild,Calvin Pickard,Starting Goalie,g1,Goalies,g,30.0,,False,2025-12-20,,
edmonton-oilers,minnesota-wild,Connor Ingram,Backup Goalie,g2,Goalies,g,39.0,,False,2025-12-20,,
florida-panthers,st-louis-blues,Daniil Tarasov,Starting Goalie,g1,Goalies,g,40.0,,False,2025-12-20,,
florida-panthers,st-louis-blues,Sergei Bobrovsky,Backup Goalie,g2,Goalies,g,72.0,,False,2025-12-20,,
minnesota-wild,edmonton-oilers,Filip Gustavsson,Starting Goalie,g1,Goalies,g,32.0,,False,2025-12-20,,
minnesota-wild,edmonton-oilers,Jesper Wallstedt,Backup Goalie,g2,Goalies,g,,,False,2025-12-20,,
montreal-canadiens,pittsburgh-penguins,Jakub Dobes,Starting Goalie,g1,Goalies,g,75.0,,False,2025-12-20,,
montreal-canadiens,pittsburgh-penguins,Jacob Fowler,Backup Goalie,g2,Goalies,g,32.0,,False,2025-12-20,,
nashville-predators,toronto-maple-leafs,Juuse Saros,Starting Goalie,g1,Goalies,g,74.0,,False,2025-12-20,,
nashville-predators,toronto-maple-leafs,Justus Annunen,Backup Goalie,g2,Goalies,g,29.0,,False,2025-12-20,,
new-york-islanders,buffalo-sabres,Ilya Sorokin,Starting Goalie,g1,Goalies,g,30.0,,False,2025-12-20,,
new-york-islanders,buffalo-sabres,David Rittich,Backup Goalie,g2,Goalies,g,31.0,,False,2025-12-20,,
new-york-rangers,philadelphia-flyers,Igor Shesterkin,Starting Goalie,g1,Goalies,g,31.0,,False,2025-12-20,,
new-york-rangers,philadelphia-flyers,Jonathan Quick,Backup Goalie,g2,Goalies,g,32.0,,False,2025-12-20,,
ottawa-senators,chicago-blackhawks,Linus Ullmark,Starting Goalie,g1,Goalies,g,35.0,,False,2025-12-20,,
ottawa-senators,chicago-blackhawks,Leevi Merilainen,Backup Goalie,g2,Goalies,g,1.0,,False,2025-12-20,,
philadelphia-flyers,new-york-rangers,Dan Vladar,Starting Goalie,g1,Goalies,g,80.0,,False,2025-12-20,,
philadelphia-flyers,new-york-rangers,Samuel Ersson,Backup Goalie,g2,Goalies,g,33.0,,False,2025-12-20,,
pittsburgh-penguins,montreal-canadiens,Stuart Skinner,Starting Goalie,g1,Goalies,g,74.0,,False,2025-12-20,,
pittsburgh-penguins,montreal-canadiens,Arturs Silovs,Backup Goalie,g2,Goalies,g,,,False,2025-12-20,,
san-jose-sharks,seattle-kraken,Yaroslav Askarov,Starting Goalie,g1,Goalies,g,30.0,,False,2025-12-20,,
san-jose-sharks,seattle-kraken,Alex Nedeljkovic,Backup Goalie,g2,Goalies,g,33.0,,False,2025-12-20,,
seattle-kraken,san-jose-sharks,Joey Daccord,Starting Goalie,g1,Goalies,g,35.0,,False,2025-12-20,,
seattle-kraken,san-jose-sharks,Philipp Grubauer,Backup Goalie,g2,Goalies,g,31.0,,False,2025-12-20,,
st-louis-blues,florida-panthers,Joel Hofer,Starting Goalie,g1,Goalies,g,30.0,,False,2025-12-20,,
st-louis-blues,florida-panthers,Jordan Binnington,Backup Goalie,g2,Goalies,g,50.0,,False,2025-12-20,,
tampa-bay-lightning,carolina-hurricanes,Andrei Vasilevskiy,Starting Goalie,g1,Goalies,g,88.0,,False,2025-12-20,,
tampa-bay-lightning,carolina-hurricanes,Jonas Johansson,Backup Goalie,g2,Goalies,g,31.0,,False,2025-12-20,,
toronto-maple-leafs,nashville-predators,Joseph Woll,Starting Goalie,g1,Goalies,g,60.0,,False,2025-12-20,,
toronto-maple-leafs,nashville-predators,Dennis Hildeby,Backup Goalie,g2,Goalies,g,,,False,2025-12-20,,
vancouver-canucks,boston-bruins,Thatcher Demko,Starting Goalie,g1,Goalies,g,35.0,,False,2025-12-20,,
vancouver-canucks,boston-bruins,Kevin Lankinen,Backup Goalie,g2,Goalies,g,32.0,,False,2025-12-20,,
vegas-golden-knights,calgary-flames,Carter Hart,Starting Goalie,g1,Goalies,g,79.0,,False,2025-12-20,,
vegas-golden-knights,calgary-flames,Akira Schmid,Backup Goalie,g2,Goalies,g,40.0,,False,2025-12-20,,
washington-capitals,detroit-red-wings,Logan Thompson,Starting Goalie,g1,Goalies,g,48.0,,False,2025-12-20,,
washington-capitals,detroit-red-wings,Charlie Lindgren,Backup Goalie,g2,Goalies,g,79.0,,False,2025-12-20,,
boston-bruins,ottawa-senators,Jeremy Swayman,Starting Goalie,g1,Goalies,g,1.0,,False,2025-12-21,,
boston-bruins,ottawa-senators,Joonas Korpisalo,Backup Goalie,g2,Goalies,g,70.0,,False,2025-12-21,,
buffalo-sabres,new-jersey-devils,Alex Lyon,Starting Goalie,g1,Goalies,g,34.0,,False,2025-12-21,,
buffalo-sabres,new-jersey-devils,Ukko-Pekka Luukkonen,Backup Goalie,g2,Goalies,g,1.0,,False,2025-12-21,,
colorado-avalanche,minnesota-wild,Scott Wedgewood,Starting Goalie,g1,Goalies,g,41.0,,False,2025-12-21,,
colorado-avalanche,minnesota-wild,Mackenzie Blackwood,Backup Goalie,g2,Goalies,g,39.0,,False,2025-12-21,,
dallas-stars,toronto-maple-leafs,Casey DeSmith,Starting Goalie,g1,Goalies,g,1.0,,False,2025-12-21,,
dallas-stars,toronto-maple-leafs,Jake Oettinger,Backup Goalie,g2,Goalies,g,29.0,,False,2025-12-21,,
detroit-red-wings,washington-capitals,John Gibson,Starting Goalie,g1,Goalies,g,36.0,,False,2025-12-21,,
detroit-red-wings,washington-capitals,Cam Talbot,Backup Goalie,g2,Goalies,g,39.0,,False,2025-12-21,,
edmonton-oilers,vegas-golden-knights,Calvin Pickard,Starting Goalie,g1,Goalies,g,30.0,,False,2025-12-21,,
edmonton-oilers,vegas-golden-knights,Connor Ingram,Backup Goalie,g2,Goalies,g,39.0,,False,2025-12-21,,
minnesota-wild,colorado-avalanche,Filip Gustavsson,Starting Goalie,g1,Goalies,g,32.0,,False,2025-12-21,,
minnesota-wild,colorado-avalanche,Jesper Wallstedt,Backup Goalie,g2,Goalies,g,,,False,2025-12-21,,
montreal-canadiens,pittsburgh-penguins,Jakub Dobes,Starting Goalie,g1,Goalies,g,75.0,,False,2025-12-21,,
montreal-canadiens,pittsburgh-penguins,Jacob Fowler,Backup Goalie,g2,Goalies,g,32.0,,False,2025-12-21,,
nashville-predators,new-york-rangers,Juuse Saros,Starting Goalie,g1,Goalies,g,74.0,,False,2025-12-21,,
nashville-predators,new-york-rangers,Justus Annunen,Backup Goalie,g2,Goalies,g,29.0,,False,2025-12-21,,
new-jersey-devils,buffalo-sabres,Jacob Markstrom,Starting Goalie,g1,Goalies,g,25.0,,False,2025-12-21,,
new-jersey-devils,buffalo-sabres,Jake Allen,Backup Goalie,g2,Goalies,g,34.0,,False,2025-12-21,,
new-york-rangers,nashville-predators,Jonathan Quick,Starting Goalie,g1,Goalies,g,32.0,,False,2025-12-21,,
new-york-rangers,nashville-predators,Igor Shesterkin,Backup Goalie,g2,Goalies,g,31.0,,False,2025-12-21,,
ottawa-senators,boston-bruins,Leevi Merilainen,Starting Goalie,g1,Goalies,g,1.0,,False,2025-12-21,,
ottawa-senators,boston-bruins,Linus Ullmark,Backup Goalie,g2,Goalies,g,35.0,,False,2025-12-21,,
pittsburgh-penguins,montreal-canadiens,Arturs Silovs,Starting Goalie,g1,Goalies,g,,,False,2025-12-21,,
pittsburgh-penguins,montreal-canadiens,Stuart Skinner,Backup Goalie,g2,Goalies,g,74.0,,False,2025-12-21,,
toronto-maple-leafs,dallas-stars,Joseph Woll,Starting Goalie,g1,Goalies,g,60.0,,False,2025-12-21,,
toronto-maple-leafs,dallas-stars,Dennis Hildeby,Backup Goalie,g2,Goalies,g,,,False,2025-12-21,,
utah-hockey-club,winnipeg-jets,Karel Vejmelka,Starting Goalie,g1,Goalies,g,70.0,,False,2025-12-21,,
utah-hockey-club,winnipeg-jets,Vitek Vanecek,Backup Goalie,g2,Goalies,g,41.0,,False,2025-12-21,,
vegas-golden-knights,edmonton-oilers,Carter Hart,Starting Goalie,g1,Goalies,g,79.0,,False,2025-12-21,,
vegas-golden-knights,edmonton-oilers,Akira Schmid,Backup Goalie,g2,Goalies,g,40.0,,False,2025-12-21,,
washington-capitals,detroit-red-wings,Charlie Lindgren,Starting Goalie,g1,Goalies,g,79.0,,False,2025-12-21,,
washington-capitals,detroit-red-wings,Logan Thompson,Backup Goalie,g2,Goalies,g,48.0,,False,2025-12-21,,
winnipeg-jets,utah-hockey-club,Connor Hellebuyck,Starting Goalie,g1,Goalies,g,37.0,,False,2025-12-21,,
winnipeg-jets,utah-hockey-club,Eric Comrie,Backup Goalie,g2,Goalies,g,1.0,,False,2025-12-21,,
anaheim-ducks,seattle-kraken,Lukas Dostal,Starting Goalie,g1,Goalies,g,1.0,,False,2025-12-22,,
anaheim-ducks,seattle-kraken,Petr Mrazek,Backup Goalie,g2,Goalies,g,34.0,,False,2025-12-22,,
columbus-blue-jackets,los-angeles-kings,Jet Greaves,Starting Goalie,g1,Goalies,g,,,False,2025-12-22,,
columbus-blue-jackets,los-angeles-kings,Elvis Merzlikins,Backup Goalie,g2,Goalies,g,90.0,,False,2025-12-22,,
los-angeles-kings,columbus-blue-jackets,Anton Forsberg,Starting Goalie,g1,Goalies,g,31.0,,False,2025-12-22,,
los-angeles-kings,columbus-blue-jackets,Pheonix Copley,Backup Goalie,g2,Goalies,g,29.0,,False,2025-12-22,,
philadelphia-flyers,vancouver-canucks,Samuel Ersson,Starting Goalie,g1,Goalies,g,33.0,,False,2025-12-22,,
philadelphia-flyers,vancouver-canucks,Aleksei Kolosov,Backup Goalie,g2,Goalies,g,,,False,2025-12-22,,
seattle-kraken,anaheim-ducks,Joey Daccord,Starting Goalie,g1,Goalies,g,35.0,,False,2025-12-22,,
seattle-kraken,anaheim-ducks,Philipp Grubauer,Backup Goalie,g2,Goalies,g,31.0,,False,2025-12-22,,
st-louis-blues,tampa-bay-lightning,Joel Hofer,Starting Goalie,g1,Goalies,g,30.0,,False,2025-12-22,,
st-louis-blues,tampa-bay-lightning,Jordan Binnington,Backup Goalie,g2,Goalies,g,50.0,,False,2025-12-22,,
tampa-bay-lightning,st-louis-blues,Andrei Vasilevskiy,Starting Goalie,g1,Goalies,g,88.0,,False,2025-12-22,,
tampa-bay-lightning,st-louis-blues,Jonas Johansson,Backup Goalie,g2,Goalies,g,31.0,,False,2025-12-22,,
vancouver-canucks,philadelphia-flyers,Thatcher Demko,Starting Goalie,g1,Goalies,g,35.0,,False,2025-12-22,,
vancouver-canucks,philadelphia-flyers,Kevin Lankinen,Backup Goalie,g2,Goalies,g,32.0,,False,2025-12-22,,
boston-bruins,montreal-canadiens,Jeremy Swayman,Starting Goalie,g1,Goalies,g,1.0,,False,2025-12-23,,
boston-bruins,montreal-canadiens,Joonas Korpisalo,Backup Goalie,g2,Goalies,g,70.0,,False,2025-12-23,,
buffalo-sabres,ottawa-senators,Alex Lyon,Starting Goalie,g1,Goalies,g,34.0,,False,2025-12-23,,
buffalo-sabres,ottawa-senators,Ukko-Pekka Luukkonen,Backup Goalie,g2,Goalies,g,1.0,,False,2025-12-23,,
calgary-flames,edmonton-oilers,Dustin Wolf,Starting Goalie,g1,Goalies,g,32.0,,False,2025-12-23,,
calgary-flames,edmonton-oilers,Devin Cooley,Backup Goalie,g2,Goalies,g,,,False,2025-12-23,,
carolina-hurricanes,florida-panthers,Frederik Andersen,Starting Goalie,g1,Goalies,g,31.0,,False,2025-12-23,,
carolina-hurricanes,florida-panthers,Brandon Bussi,Backup Goalie,g2,Goalies,g,32.0,,False,2025-12-23,,
chicago-blackhawks,philadelphia-flyers,Spencer Knight,Starting Goalie,g1,Goalies,g,30.0,,False,2025-12-23,,
chicago-blackhawks,philadelphia-flyers,Arvid Soderblom,Backup Goalie,g2,Goalies,g,40.0,,False,2025-12-23,,
colorado-avalanche,utah-hockey-club,Mackenzie Blackwood,Starting Goalie,g1,Goalies,g,39.0,,False,2025-12-23,,
colorado-avalanche,utah-hockey-club,Scott Wedgewood,Backup Goalie,g2,Goalies,g,41.0,,False,2025-12-23,,
dallas-stars,detroit-red-wings,Jake Oettinger,Starting Goalie,g1,Goalies,g,29.0,,False,2025-12-23,,
dallas-stars,detroit-red-wings,Casey DeSmith,Backup Goalie,g2,Goalies,g,1.0,,False,2025-12-23,,
detroit-red-wings,dallas-stars,John Gibson,Starting Goalie,g1,Goalies,g,36.0,,False,2025-12-23,,
detroit-red-wings,dallas-stars,Cam Talbot,Backup Goalie,g2,Goalies,g,39.0,,False,2025-12-23,,
edmonton-oilers,calgary-flames,Connor Ingram,Starting Goalie,g1,Goalies,g,39.0,,False,2025-12-23,,
edmonton-oilers,calgary-flames,Calvin Pickard,Backup Goalie,g2,Goalies,g,30.0,,False,2025-12-23,,
florida-panthers,carolina-hurricanes,Sergei Bobrovsky,Starting Goalie,g1,Goalies,g,72.0,,False,2025-12-23,,
florida-panthers,carolina-hurricanes,Daniil Tarasov,Backup Goalie,g2,Goalies,g,40.0,,False,2025-12-23,,
los-angeles-kings,seattle-kraken,Anton Forsberg,Starting Goalie,g1,Goalies,g,31.0,,False,2025-12-23,,
los-angeles-kings,seattle-kraken,Pheonix Copley,Backup Goalie,g2,Goalies,g,29.0,,False,2025-12-23,,
minnesota-wild,nashville-predators,Filip Gustavsson,Starting Goalie,g1,Goalies,g,32.0,,False,2025-12-23,,
minnesota-wild,nashville-predators,Jesper Wallstedt,Backup Goalie,g2,Goalies,g,,,False,2025-12-23,,
montreal-canadiens,boston-bruins,Jacob Fowler,Starting Goalie,g1,Goalies,g,32.0,,False,2025-12-23,,
montreal-canadiens,boston-bruins,Jakub Dobes,Backup Goalie,g2,Goalies,g,75.0,,False,2025-12-23,,
nashville-predators,minnesota-wild,Juuse Saros,Starting Goalie,g1,Goalies,g,74.0,,False,2025-12-23,,
nashville-predators,minnesota-wild,Justus Annunen,Backup Goalie,g2,Goalies,g,29.0,,False,2025-12-23,,
new-jersey-devils,new-york-islanders,Jacob Markstrom,Starting Goalie,g1,Goalies,g,25.0,,False,2025-12-23,,
new-jersey-devils,new-york-islanders,Jake Allen,Backup Goalie,g2,Goalies,g,34.0,,False,2025-12-23,,
new-york-islanders,new-jersey-devils,David Rittich,Starting Goalie,g1,Goalies,g,31.0,,False,2025-12-23,,
new-york-islanders,new-jersey-devils,Marcus Hogberg,Backup Goalie,g2,Goalies,g,50.0,,False,2025-12-23,,
new-york-rangers,washington-capitals,Igor Shesterkin,Starting Goalie,g1,Goalies,g,31.0,,False,2025-12-23,,
new-york-rangers,washington-capitals,Jonathan Quick,Backup Goalie,g2,Goalies,g,32.0,,False,2025-12-23,,
ottawa-senators,buffalo-sabres,Linus Ullmark,Starting Goalie,g1,Goalies,g,35.0,,False,2025-12-23,,
ottawa-senators,buffalo-sabres,Leevi Merilainen,Backup Goalie,g2,Goalies,g,1.0,,False,2025-12-23,,
philadelphia-flyers,chicago-blackhawks,Samuel Ersson,Starting Goalie,g1,Goalies,g,33.0,,False,2025-12-23,,
philadelphia-flyers,chicago-blackhawks,Dan Vladar,Backup Goalie,g2,Goalies,g,80.0,,False,2025-12-23,,
pittsburgh-penguins,toronto-maple-leafs,Stuart Skinner,Starting Goalie,g1,Goalies,g,74.0,,False,2025-12-23,,
pittsburgh-penguins,toronto-maple-leafs,Arturs Silovs,Backup Goalie,g2,Goalies,g,,,False,2025-12-23,,
san-jose-sharks,vegas-golden-knights,Yaroslav Askarov,Starting Goalie,g1,Goalies,g,30.0,,False,2025-12-23,,
san-jose-sharks,vegas-golden-knights,Alex Nedeljkovic,Backup Goalie,g2,Goalies,g,33.0,,False,2025-12-23,,
seattle-kraken,los-angeles-kings,Joey Daccord,Starting Goalie,g1,Goalies,g,35.0,,False,2025-12-23,,
seattle-kraken,los-angeles-kings,Philipp Grubauer,Backup Goalie,g2,Goalies,g,31.0,,False,2025-12-23,,
toronto-maple-leafs,pittsburgh-penguins,Joseph Woll,Starting Goalie,g1,Goalies,g,60.0,,False,2025-12-23,,
toronto-maple-leafs,pittsburgh-penguins,Dennis Hildeby,Backup Goalie,g2,Goalies,g,,,False,2025-12-23,,
utah-hockey-club,colorado-avalanche,Karel Vejmelka,Starting Goalie,g1,Goalies,g,70.0,,False,2025-12-23,,
utah-hockey-club,colorado-avalanche,Vitek Vanecek,Backup Goalie,g2,Goalies,g,41.0,,False,2025-12-23,,
vegas-golden-knights,san-jose-sharks,Carter Hart,Starting Goalie,g1,Goalies,g,79.0,,False,2025-12-23,,
vegas-golden-knights,san-jose-sharks,Akira Schmid,Backup Goalie,g2,Goalies,g,40.0,,False,2025-12-23,,
washington-capitals,new-york-rangers,Logan Thompson,Starting Goalie,g1,Goalies,g,48.0,,False,2025-12-23,,
washington-capitals,new-york-rangers,Charlie Lindgren,Backup Goalie,g2,Goalies,g,79.0,,False,2025-12-23,,
anaheim-ducks,los-angeles-kings,Lukas Dostal,Starting Goalie,g1,Goalies,g,1.0,,False,2025-12-27,,
anaheim-ducks,los-angeles-kings,Petr Mrazek,Backup Goalie,g2,Goalies,g,34.0,,False,2025-12-27,,
boston-bruins,buffalo-sabres,Jeremy Swayman,Starting Goalie,g1,Goalies,g,1.0,,False,2025-12-27,,
boston-bruins,buffalo-sabres,Joonas Korpisalo,Backup Goalie,g2,Goalies,g,70.0,,False,2025-12-27,,
buffalo-sabres,boston-bruins,Alex Lyon,Starting Goalie,g1,Goalies,g,34.0,,False,2025-12-27,,
buffalo-sabres,boston-bruins,Ukko-Pekka Luukkonen,Backup Goalie,g2,Goalies,g,1.0,,False,2025-12-27,,
calgary-flames,edmonton-oilers,Dustin Wolf,Starting Goalie,g1,Goalies,g,32.0,,False,2025-12-27,,
calgary-flames,edmonton-oilers,Devin Cooley,Backup Goalie,g2,Goalies,g,,,False,2025-12-27,,
carolina-hurricanes,detroit-red-wings,Brandon Bussi,Starting Goalie,g1,Goalies,g,32.0,,False,2025-12-27,,
carolina-hurricanes,detroit-red-wings,Pyotr Kochetkov,Backup Goalie,g2,Goalies,g,52.0,,False,2025-12-27,,
chicago-blackhawks,dallas-stars,Spencer Knight,Starting Goalie,g1,Goalies,g,30.0,,False,2025-12-27,,
chicago-blackhawks,dallas-stars,Arvid Soderblom,Backup Goalie,g2,Goalies,g,40.0,,False,2025-12-27,,
colorado-avalanche,vegas-golden-knights,Mackenzie Blackwood,Starting Goalie,g1,Goalies,g,39.0,,False,2025-12-27,,
colorado-avalanche,vegas-golden-knights,Scott Wedgewood,Backup Goalie,g2,Goalies,g,41.0,,False,2025-12-27,,
dallas-stars,chicago-blackhawks,Jake Oettinger,Starting Goalie,g1,Goalies,g,29.0,,False,2025-12-27,,
dallas-stars,chicago-blackhawks,Casey DeSmith,Backup Goalie,g2,Goalies,g,1.0,,False,2025-12-27,,
detroit-red-wings,carolina-hurricanes,John Gibson,Starting Goalie,g1,Goalies,g,36.0,,False,2025-12-27,,
detroit-red-wings,carolina-hurricanes,Cam Talbot,Backup Goalie,g2,Goalies,g,39.0,,False,2025-12-27,,
edmonton-oilers,calgary-flames,Connor Ingram,Starting Goalie,g1,Goalies,g,39.0,,False,2025-12-27,,
edmonton-oilers,calgary-flames,Calvin Pickard,Backup Goalie,g2,Goalies,g,30.0,,False,2025-12-27,,
florida-panthers,tampa-bay-lightning,Sergei Bobrovsky,Starting Goalie,g1,Goalies,g,72.0,,False,2025-12-27,,
florida-panthers,tampa-bay-lightning,Daniil Tarasov,Backup Goalie,g2,Goalies,g,40.0,,False,2025-12-27,,
los-angeles-kings,anaheim-ducks,Anton Forsberg,Starting Goalie,g1,Goalies,g,31.0,,False,2025-12-27,,
los-angeles-kings,anaheim-ducks,Pheonix Copley,Backup Goalie,g2,Goalies,g,29.0,,False,2025-12-27,,
minnesota-wild,winnipeg-jets,Jesper Wallstedt,Starting Goalie,g1,Goalies,g,,,False,2025-12-27,,
minnesota-wild,winnipeg-jets,Filip Gustavsson,Backup Goalie,g2,Goalies,g,32.0,,False,2025-12-27,,
nashville-predators,st-louis-blues,Juuse Saros,Starting Goalie,g1,Goalies,g,74.0,,False,2025-12-27,,
nashville-predators,st-louis-blues,Justus Annunen,Backup Goalie,g2,Goalies,g,29.0,,False,2025-12-27,,
new-jersey-devils,washington-capitals,Jake Allen,Starting Goalie,g1,Goalies,g,34.0,,False,2025-12-27,,
new-jersey-devils,washington-capitals,Jacob Markstrom,Backup Goalie,g2,Goalies,g,25.0,,False,2025-12-27,,
new-york-islanders,new-york-rangers,David Rittich,Starting Goalie,g1,Goalies,g,31.0,,False,2025-12-27,,
new-york-islanders,new-york-rangers,Marcus Hogberg,Backup Goalie,g2,Goalies,g,50.0,,False,2025-12-27,,
new-york-rangers,new-york-islanders,Igor Shesterkin,Starting Goalie,g1,Goalies,g,31.0,,False,2025-12-27,,
new-york-rangers,new-york-islanders,Jonathan Quick,Backup Goalie,g2,Goalies,g,32.0,,False,2025-12-27,,
ottawa-senators,toronto-maple-leafs,Linus Ullmark,Starting Goalie,g1,Goalies,g,35.0,,False,2025-12-27,,
ottawa-senators,toronto-maple-leafs,Leevi Merilainen,Backup Goalie,g2,Goalies,g,1.0,,False,2025-12-27,,
san-jose-sharks,vancouver-canucks,Yaroslav Askarov,Starting Goalie,g1,Goalies,g,30.0,,False,2025-12-27,,
san-jose-sharks,vancouver-canucks,Alex Nedeljkovic,Backup Goalie,g2,Goalies,g,33.0,,False,2025-12-27,,
st-louis-blues,nashville-predators,Joel Hofer,Starting Goalie,g1,Goalies,g,30.0,,False,2025-12-27,,
st-louis-blues,nashville-predators,Jordan Binnington,Backup Goalie,g2,Goalies,g,50.0,,False,2025-12-27,,
tampa-bay-lightning,florida-panthers,Andrei Vasilevskiy,Starting Goalie,g1,Goalies,g,88.0,,False,2025-12-27,,
tampa-bay-lightning,florida-panthers,Jonas Johansson,Backup Goalie,g2,Goalies,g,31.0,,False,2025-12-27,,
toronto-maple-leafs,ottawa-senators,Joseph Woll,Starting Goalie,g1,Goalies,g,60.0,,False,2025-12-27,,
toronto-maple-leafs,ottawa-senators,Dennis Hildeby,Backup Goalie,g2,Goalies,g,,,False,2025-12-27,,
vancouver-canucks,san-jose-sharks,Thatcher Demko,Starting Goalie,g1,Goalies,g,35.0,,False,2025-12-27,,
vancouver-canucks,san-jose-sharks,Kevin Lankinen,Backup Goalie,g2,Goalies,g,32.0,,False,2025-12-27,,
vegas-golden-knights,colorado-avalanche,Carter Hart,Starting Goalie,g1,Goalies,g,79.0,,False,2025-12-27,,
vegas-golden-knights,colorado-avalanche,Akira Schmid,Backup Goalie,g2,Goalies,g,40.0,,False,2025-12-27,,
washington-capitals,new-jersey-devils,Logan Thompson,Starting Goalie,g1,Goalies,g,48.0,,False,2025-12-27,,
washington-capitals,new-jersey-devils,Charlie Lindgren,Backup Goalie,g2,Goalies,g,79.0,,False,2025-12-27,,
winnipeg-jets,minnesota-wild,Connor Hellebuyck,Starting Goalie,g1,Goalies,g,37.0,,False,2025-12-27,,
winnipeg-jets,minnesota-wild,Eric Comrie,Backup Goalie,g2,Goalies,g,1.0,,False,2025-12-27,,
chicago-blackhawks,pittsburgh-penguins,Arvid Soderblom,Starting Goalie,g1,Goalies,g,40.0,,False,2025-12-28,,
chicago-blackhawks,pittsburgh-penguins,Spencer Knight,Backup Goalie,g2,Goalies,g,30.0,,False,2025-12-28,,
columbus-blue-jackets,new-york-islanders,Jet Greaves,Starting Goalie,g1,Goalies,g,,,False,2025-12-28,,
columbus-blue-jackets,new-york-islanders,Elvis Merzlikins,Backup Goalie,g2,Goalies,g,90.0,,False,2025-12-28,,
detroit-red-wings,toronto-maple-leafs,Cam Talbot,Starting Goalie,g1,Goalies,g,39.0,,False,2025-12-28,,
detroit-red-wings,toronto-maple-leafs,John Gibson,Backup Goalie,g2,Goalies,g,36.0,,False,2025-12-28,,
montreal-canadiens,tampa-bay-lightning,Jacob Fowler,Starting Goalie,g1,Goalies,g,32.0,,False,2025-12-28,,
montreal-canadiens,tampa-bay-lightning,Jakub Dobes,Backup Goalie,g2,Goalies,g,75.0,,False,2025-12-28,,
new-york-islanders,columbus-blue-jackets,David Rittich,Starting Goalie,g1,Goalies,g,31.0,,False,2025-12-28,,
new-york-islanders,columbus-blue-jackets,Marcus Hogberg,Backup Goalie,g2,Goalies,g,50.0,,False,2025-12-28,,
philadelphia-flyers,seattle-kraken,Dan Vladar,Starting Goalie,g1,Goalies,g,80.0,,False,2025-12-28,,
philadelphia-flyers,seattle-kraken,Samuel Ersson,Backup Goalie,g2,Goalies,g,33.0,,False,2025-12-28,,
pittsburgh-penguins,chicago-blackhawks,Stuart Skinner,Starting Goalie,g1,Goalies,g,74.0,,False,2025-12-28,,
pittsburgh-penguins,chicago-blackhawks,Arturs Silovs,Backup Goalie,g2,Goalies,g,,,False,2025-12-28,,
seattle-kraken,philadelphia-flyers,Joey Daccord,Starting Goalie,g1,Goalies,g,35.0,,False,2025-12-28,,
seattle-kraken,philadelphia-flyers,Philipp Grubauer,Backup Goalie,g2,Goalies,g,31.0,,False,2025-12-28,,
tampa-bay-lightning,montreal-canadiens,Jonas Johansson,Starting Goalie,g1,Goalies,g,31.0,,False,2025-12-28,,
tampa-bay-lightning,montreal-canadiens,Andrei Vasilevskiy,Backup Goalie,g2,Goalies,g,88.0,,False,2025-12-28,,
toronto-maple-leafs,detroit-red-wings,Dennis Hildeby,Starting Goalie,g1,Goalies,g,,,False,2025-12-28,,
toronto-maple-leafs,detroit-red-wings,Joseph Woll,Backup Goalie,g2,Goalies,g,60.0,,False,2025-12-28,,
anaheim-ducks,san-jose-sharks,Lukas Dostal,Starting Goalie,g1,Goalies,g,1.0,,False,2025-12-29,,
anaheim-ducks,san-jose-sharks,Petr Mrazek,Backup Goalie,g2,Goalies,g,34.0,,False,2025-12-29,,
boston-bruins,calgary-flames,Jeremy Swayman,Starting Goalie,g1,Goalies,g,1.0,,False,2025-12-29,,
boston-bruins,calgary-flames,Joonas Korpisalo,Backup Goalie,g2,Goalies,g,70.0,,False,2025-12-29,,
buffalo-sabres,st-louis-blues,Alex Lyon,Starting Goalie,g1,Goalies,g,34.0,,False,2025-12-29,,
buffalo-sabres,st-louis-blues,Ukko-Pekka Luukkonen,Backup Goalie,g2,Goalies,g,1.0,,False,2025-12-29,,
calgary-flames,boston-bruins,Dustin Wolf,Starting Goalie,g1,Goalies,g,32.0,,False,2025-12-29,,
calgary-flames,boston-bruins,Devin Cooley,Backup Goalie,g2,Goalies,g,,,False,2025-12-29,,
carolina-hurricanes,new-york-rangers,Brandon Bussi,Starting Goalie,g1,Goalies,g,32.0,,False,2025-12-29,,
carolina-hurricanes,new-york-rangers,Pyotr Kochetkov,Backup Goalie,g2,Goalies,g,52.0,,False,2025-12-29,,
colorado-avalanche,los-angeles-kings,Mackenzie Blackwood,Starting Goalie,g1,Goalies,g,39.0,,False,2025-12-29,,
colorado-avalanche,los-angeles-kings,Scott Wedgewood,Backup Goalie,g2,Goalies,g,41.0,,False,2025-12-29,,
columbus-blue-jackets,ottawa-senators,Elvis Merzlikins,Starting Goalie,g1,Goalies,g,90.0,,False,2025-12-29,,
columbus-blue-jackets,ottawa-senators,Jet Greaves,Backup Goalie,g2,Goalies,g,,,False,2025-12-29,,
edmonton-oilers,winnipeg-jets,Connor Ingram,Starting Goalie,g1,Goalies,g,39.0,,False,2025-12-29,,
edmonton-oilers,winnipeg-jets,Calvin Pickard,Backup Goalie,g2,Goalies,g,30.0,,False,2025-12-29,,
florida-panthers,washington-capitals,Sergei Bobrovsky,Starting Goalie,g1,Goalies,g,72.0,,False,2025-12-29,,
florida-panthers,washington-capitals,Daniil Tarasov,Backup Goalie,g2,Goalies,g,40.0,,False,2025-12-29,,
los-angeles-kings,colorado-avalanche,Anton Forsberg,Starting Goalie,g1,Goalies,g,31.0,,False,2025-12-29,,
los-angeles-kings,colorado-avalanche,Pheonix Copley,Backup Goalie,g2,Goalies,g,29.0,,False,2025-12-29,,
minnesota-wild,vegas-golden-knights,Filip Gustavsson,Starting Goalie,g1,Goalies,g,32.0,,False,2025-12-29,,
minnesota-wild,vegas-golden-knights,Jesper Wallstedt,Backup Goalie,g2,Goalies,g,,,False,2025-12-29,,
nashville-predators,utah-hockey-club,Juuse Saros,Starting Goalie,g1,Goalies,g,74.0,,False,2025-12-29,,
nashville-predators,utah-hockey-club,Justus Annunen,Backup Goalie,g2,Goalies,g,29.0,,False,2025-12-29,,
new-york-rangers,carolina-hurricanes,Igor Shesterkin,Starting Goalie,g1,Goalies,g,31.0,,False,2025-12-29,,
new-york-rangers,carolina-hurricanes,Jonathan Quick,Backup Goalie,g2,Goalies,g,32.0,,False,2025-12-29,,
ottawa-senators,columbus-blue-jackets,Leevi Merilainen,Starting Goalie,g1,Goalies,g,1.0,,False,2025-12-29,,
san-jose-sharks,anaheim-ducks,Yaroslav Askarov,Starting Goalie,g1,Goalies,g,30.0,,False,2025-12-29,,
san-jose-sharks,anaheim-ducks,Alex Nedeljkovic,Backup Goalie,g2,Goalies,g,33.0,,False,2025-12-29,,
seattle-kraken,vancouver-canucks,Joey Daccord,Starting Goalie,g1,Goalies,g,35.0,,False,2025-12-29,,
seattle-kraken,vancouver-canucks,Philipp Grubauer,Backup Goalie,g2,Goalies,g,31.0,,False,2025-12-29,,
st-louis-blues,buffalo-sabres,Joel Hofer,Starting Goalie,g1,Goalies,g,30.0,,False,2025-12-29,,
st-louis-blues,buffalo-sabres,Jordan Binnington,Backup Goalie,g2,Goalies,g,50.0,,False,2025-12-29,,
utah-hockey-club,nashville-predators,Karel Vejmelka,Starting Goalie,g1,Goalies,g,70.0,,True,2025-12-29,,
utah-hockey-club,nashville-predators,Vitek Vanecek,Backup Goalie,g2,Goalies,g,41.0,,False,2025-12-29,,
vancouver-canucks,seattle-kraken,Thatcher Demko,Starting Goalie,g1,Goalies,g,35.0,,False,2025-12-29,,
vancouver-canucks,seattle-kraken,Kevin Lankinen,Backup Goalie,g2,Goalies,g,32.0,,False,2025-12-29,,
vegas-golden-knights,minnesota-wild,Carter Hart,Starting Goalie,g1,Goalies,g,79.0,,False,2025-12-29,,
vegas-golden-knights,minnesota-wild,Akira Schmid,Backup Goalie,g2,Goalies,g,40.0,,False,2025-12-29,,
washington-capitals,florida-panthers,Logan Thompson,Starting Goalie,g1,Goalies,g,48.0,,False,2025-12-29,,
washington-capitals,florida-panthers,Charlie Lindgren,Backup Goalie,g2,Goalies,g,79.0,,False,2025-12-29,,
winnipeg-jets,edmonton-oilers,Connor Hellebuyck,Starting Goalie,g1,Goalies,g,37.0,,False,2025-12-29,,
winnipeg-jets,edmonton-oilers,Eric Comrie,Backup Goalie,g2,Goalies,g,1.0,,False,2025-12-29,,
carolina-hurricanes,pittsburgh-penguins,Frederik Andersen,Starting Goalie,g1,Goalies,g,31.0,,False,2025-12-30,,
carolina-hurricanes,pittsburgh-penguins,Brandon Bussi,Backup Goalie,g2,Goalies,g,32.0,,False,2025-12-30,,
chicago-blackhawks,new-york-islanders,Spencer Knight,Starting Goalie,g1,Goalies,g,30.0,,False,2025-12-30,,
chicago-blackhawks,new-york-islanders,Arvid Soderblom,Backup Goalie,g2,Goalies,g,40.0,,False,2025-12-30,,
florida-panthers,montreal-canadiens,Daniil Tarasov,Starting Goalie,g1,Goalies,g,40.0,,False,2025-12-30,,
florida-panthers,montreal-canadiens,Sergei Bobrovsky,Backup Goalie,g2,Goalies,g,72.0,,False,2025-12-30,,
montreal-canadiens,florida-panthers,Sam Montembeault,Starting Goalie,g1,Goalies,g,35.0,,False,2025-12-30,,
montreal-canadiens,florida-panthers,Jacob Fowler,Backup Goalie,g2,Goalies,g,32.0,,False,2025-12-30,,
new-jersey-devils,toronto-maple-leafs,Jacob Markstrom,Starting Goalie,g1,Goalies,g,25.0,,False,2025-12-30,,
new-jersey-devils,toronto-maple-leafs,Jake Allen,Backup Goalie,g2,Goalies,g,34.0,,False,2025-12-30,,
new-york-islanders,chicago-blackhawks,David Rittich,Starting Goalie,g1,Goalies,g,31.0,,False,2025-12-30,,
new-york-islanders,chicago-blackhawks,Marcus Hogberg,Backup Goalie,g2,Goalies,g,50.0,,False,2025-12-30,,
philadelphia-flyers,vancouver-canucks,Samuel Ersson,Starting Goalie,g1,Goalies,g,33.0,,False,2025-12-30,,
philadelphia-flyers,vancouver-canucks,Dan Vladar,Backup Goalie,g2,Goalies,g,80.0,,False,2025-12-30,,
pittsburgh-penguins,carolina-hurricanes,Stuart Skinner,Starting Goalie,g1,Goalies,g,74.0,,False,2025-12-30,,
pittsburgh-penguins,carolina-hurricanes,Arturs Silovs,Backup Goalie,g2,Goalies,g,,,False,2025-12-30,,
toronto-maple-leafs,new-jersey-devils,Joseph Woll,Starting Goalie,g1,Goalies,g,60.0,,False,2025-12-30,,
toronto-maple-leafs,new-jersey-devils,Dennis Hildeby,Backup Goalie,g2,Goalies,g,,,False,2025-12-30,,
vancouver-canucks,philadelphia-flyers,Kevin Lankinen,Starting Goalie,g1,Goalies,g,32.0,,False,2025-12-30,,
vancouver-canucks,philadelphia-flyers,Thatcher Demko,Backup Goalie,g2,Goalies,g,35.0,,False,2025-12-30,,
anaheim-ducks,tampa-bay-lightning,Lukas Dostal,Starting Goalie,g1,Goalies,g,1.0,,False,2025-12-31,,
anaheim-ducks,tampa-bay-lightning,Petr Mrazek,Backup Goalie,g2,Goalies,g,34.0,,False,2025-12-31,,
boston-bruins,edmonton-oilers,Jeremy Swayman,Starting Goalie,g1,Goalies,g,1.0,,False,2025-12-31,,
boston-bruins,edmonton-oilers,Joonas Korpisalo,Backup Goalie,g2,Goalies,g,70.0,,False,2025-12-31,,
buffalo-sabres,dallas-stars,Ukko-Pekka Luukkonen,Starting Goalie,g1,Goalies,g,1.0,,False,2025-12-31,,
buffalo-sabres,dallas-stars,Alex Lyon,Backup Goalie,g2,Goalies,g,34.0,,True,2025-12-31,,
calgary-flames,philadelphia-flyers,Dustin Wolf,Starting Goalie,g1,Goalies,g,32.0,,False,2025-12-31,,
calgary-flames,philadelphia-flyers,Devin Cooley,Backup Goalie,g2,Goalies,g,,,False,2025-12-31,,
colorado-avalanche,st-louis-blues,Scott Wedgewood,Starting Goalie,g1,Goalies,g,41.0,,False,2025-12-31,,
colorado-avalanche,st-louis-blues,Mackenzie Blackwood,Backup Goalie,g2,Goalies,g,39.0,,False,2025-12-31,,
columbus-blue-jackets,new-jersey-devils,Jet Greaves,Starting Goalie,g1,Goalies,g,,,False,2025-12-31,,
columbus-blue-jackets,new-jersey-devils,Elvis Merzlikins,Backup Goalie,g2,Goalies,g,90.0,,False,2025-12-31,,
dallas-stars,buffalo-sabres,Jake Oettinger,Starting Goalie,g1,Goalies,g,29.0,,False,2025-12-31,,
dallas-stars,buffalo-sabres,Casey DeSmith,Backup Goalie,g2,Goalies,g,1.0,,False,2025-12-31,,
detroit-red-wings,winnipeg-jets,John Gibson,Starting Goalie,g1,Goalies,g,36.0,,False,2025-12-31,,
detroit-red-wings,winnipeg-jets,Cam Talbot,Backup Goalie,g2,Goalies,g,39.0,,False,2025-12-31,,
edmonton-oilers,boston-bruins,Calvin Pickard,Starting Goalie,g1,Goalies,g,30.0,,False,2025-12-31,,
edmonton-oilers,boston-bruins,Connor Ingram,Backup Goalie,g2,Goalies,g,39.0,,False,2025-12-31,,
minnesota-wild,san-jose-sharks,Jesper Wallstedt,Starting Goalie,g1,Goalies,g,,,False,2025-12-31,,
minnesota-wild,san-jose-sharks,Filip Gustavsson,Backup Goalie,g2,Goalies,g,32.0,,False,2025-12-31,,
nashville-predators,vegas-golden-knights,Juuse Saros,Starting Goalie,g1,Goalies,g,74.0,,False,2025-12-31,,
nashville-predators,vegas-golden-knights,Justus Annunen,Backup Goalie,g2,Goalies,g,29.0,,False,2025-12-31,,
new-jersey-devils,columbus-blue-jackets,Jake Allen,Starting Goalie,g1,Goalies,g,34.0,,False,2025-12-31,,
new-jersey-devils,columbus-blue-jackets,Jacob Markstrom,Backup Goalie,g2,Goalies,g,25.0,,False,2025-12-31,,
new-york-rangers,washington-capitals,Igor Shesterkin,Starting Goalie,g1,Goalies,g,31.0,,False,2025-12-31,,
new-york-rangers,washington-capitals,Jonathan Quick,Backup Goalie,g2,Goalies,g,32.0,,False,2025-12-31,,
philadelphia-flyers,calgary-flames,Samuel Ersson,Starting Goalie,g1,Goalies,g,33.0,,False,2025-12-31,,
philadelphia-flyers,calgary-flames,Dan Vladar,Backup Goalie,g2,Goalies,g,80.0,,False,2025-12-31,,
san-jose-sharks,minnesota-wild,Yaroslav Askarov,Starting Goalie,g1,Goalies,g,30.0,,False,2025-12-31,,
san-jose-sharks,minnesota-wild,Alex Nedeljkovic,Backup Goalie,g2,Goalies,g,33.0,,False,2025-12-31,,
st-louis-blues,colorado-avalanche,Jordan Binnington,Starting Goalie,g1,Goalies,g,50.0,,False,2025-12-31,,
st-louis-blues,colorado-avalanche,Joel Hofer,Backup Goalie,g2,Goalies,g,30.0,,False,2025-12-31,,
tampa-bay-lightning,anaheim-ducks,Andrei Vasilevskiy,Starting Goalie,g1,Goalies,g,88.0,,False,2025-12-31,,
tampa-bay-lightning,anaheim-ducks,Jonas Johansson,Backup Goalie,g2,Goalies,g,31.0,,False,2025-12-31,,
vegas-golden-knights,nashville-predators,Carter Hart,Starting Goalie,g1,Goalies,g,79.0,,False,2025-12-31,,
vegas-golden-knights,nashville-predators,Akira Schmid,Backup Goalie,g2,Goalies,g,40.0,,False,2025-12-31,,
washington-capitals,new-york-rangers,Logan Thompson,Starting Goalie,g1,Goalies,g,48.0,,False,2025-12-31,,
washington-capitals,new-york-rangers,Charlie Lindgren,Backup Goalie,g2,Goalies,g,79.0,,False,2025-12-31,,
winnipeg-jets,detroit-red-wings,Connor Hellebuyck,Starting Goalie,g1,Goalies,g,37.0,,False,2025-12-31,,
winnipeg-jets,detroit-red-wings,Eric Comrie,Backup Goalie,g2,Goalies,g,1.0,,False,2025-12-31,,
carolina-hurricanes,montreal-canadiens,Brandon Bussi,Starting Goalie,g1,Goalies,g,32.0,,False,2026-01-01,,
carolina-hurricanes,montreal-canadiens,Frederik Andersen,Backup Goalie,g2,Goalies,g,31.0,,False,2026-01-01,,
chicago-blackhawks,dallas-stars,Spencer Knight,Starting Goalie,g1,Goalies,g,30.0,,False,2026-01-01,,
chicago-blackhawks,dallas-stars,Arvid Soderblom,Backup Goalie,g2,Goalies,g,40.0,,False,2026-01-01,,
dallas-stars,chicago-blackhawks,Jake Oettinger,Starting Goalie,g1,Goalies,g,29.0,,False,2026-01-01,,
dallas-stars,chicago-blackhawks,Casey DeSmith,Backup Goalie,g2,Goalies,g,1.0,,False,2026-01-01,,
detroit-red-wings,pittsburgh-penguins,Cam Talbot,Starting Goalie,g1,Goalies,g,39.0,,False,2026-01-01,,
detroit-red-wings,pittsburgh-penguins,John Gibson,Backup Goalie,g2,Goalies,g,36.0,,False,2026-01-01,,
los-angeles-kings,tampa-bay-lightning,Darcy Kuemper,Starting Goalie,g1,Goalies,g,35.0,,False,2026-01-01,,
los-angeles-kings,tampa-bay-lightning,Anton Forsberg,Backup Goalie,g2,Goalies,g,31.0,,False,2026-01-01,,
montreal-canadiens,carolina-hurricanes,Jakub Dobes,Starting Goalie,g1,Goalies,g,75.0,,False,2026-01-01,,
montreal-canadiens,carolina-hurricanes,Sam Montembeault,Backup Goalie,g2,Goalies,g,35.0,,False,2026-01-01,,
nashville-predators,seattle-kraken,Juuse Saros,Starting Goalie,g1,Goalies,g,74.0,,False,2026-01-01,,
nashville-predators,seattle-kraken,Justus Annunen,Backup Goalie,g2,Goalies,g,29.0,,False,2026-01-01,,
new-york-islanders,utah-hockey-club,David Rittich,Starting Goalie,g1,Goalies,g,31.0,,False,2026-01-01,,
new-york-islanders,utah-hockey-club,Marcus Hogberg,Backup Goalie,g2,Goalies,g,50.0,,False,2026-01-01,,
ottawa-senators,washington-capitals,Leevi Merilainen,Starting Goalie,g1,Goalies,g,1.0,,False,2026-01-01,,
ottawa-senators,washington-capitals,Hunter Shepard,Backup Goalie,g2,Goalies,g,,,False,2026-01-01,,
pittsburgh-penguins,detroit-red-wings,Arturs Silovs,Starting Goalie,g1,Goalies,g,,,False,2026-01-01,,
pittsburgh-penguins,detroit-red-wings,Stuart Skinner,Backup Goalie,g2,Goalies,g,74.0,,False,2026-01-01,,
seattle-kraken,nashville-predators,Joey Daccord,Starting Goalie,g1,Goalies,g,35.0,,False,2026-01-01,,
seattle-kraken,nashville-predators,Philipp Grubauer,Backup Goalie,g2,Goalies,g,31.0,,False,2026-01-01,,
tampa-bay-lightning,los-angeles-kings,Andrei Vasilevskiy,Starting Goalie,g1,Goalies,g,88.0,,False,2026-01-01,,
tampa-bay-lightning,los-angeles-kings,Jonas Johansson,Backup Goalie,g2,Goalies,g,31.0,,False,2026-01-01,,
toronto-maple-leafs,winnipeg-jets,Joseph Woll,Starting Goalie,g1,Goalies,g,60.0,,False,2026-01-01,,
toronto-maple-leafs,winnipeg-jets,Dennis Hildeby,Backup Goalie,g2,Goalies,g,,,False,2026-01-01,,
utah-hockey-club,new-york-islanders,Vitek Vanecek,Starting Goalie,g1,Goalies,g,41.0,,False,2026-01-01,,
utah-hockey-club,new-york-islanders,Matt Villalta,Backup Goalie,g2,Goalies,g,31.0,,False,2026-01-01,,
washington-capitals,ottawa-senators,Logan Thompson,Starting Goalie,g1,Goalies,g,48.0,,False,2026-01-01,,
washington-capitals,ottawa-senators,Charlie Lindgren,Backup Goalie,g2,Goalies,g,79.0,,False,2026-01-01,,
winnipeg-jets,toronto-maple-leafs,Eric Comrie,Starting Goalie,g1,Goalies,g,1.0,,False,2026-01-01,,
winnipeg-jets,toronto-maple-leafs,Connor Hellebuyck,Backup Goalie,g2,Goalies,g,37.0,,False,2026-01-01,,
